member_id,event_id,confirmed
142,6582434,True
347,6582434,True
354,6582434,True
504,6582434,True
506,6582434,True
739,6582434,True
745,6582434,True
782,6582434,True
786,6582434,True
882,6582434,True
998,6582434,True
142,6582435,True
216,6582435,True
274,6582435,True
297,6582435,True
308,6582435,True
331,6582435,True
347,6582435,True
354,6582435,True
420,6582435,True
432,6582435,True
457,6582435,True
504,6582435,True
562,6582435,True
643,6582435,True
718,6582435,True
782,6582435,True
793,6582435,True
882,6582435,True
912,6582435,False
998,6582435,True
1002,6582435,True
142,6582436,False
229,6582436,True
347,6582436,True
432,6582436,True
487,6582436,True
504,6582436,True
506,6582436,True
562,6582436,True
643,6582436,True
739,6582436,True
753,6582436,True
782,6582436,True
794,6582436,False
869,6582436,True
100,6582437,True
338,6582437,True
347,6582437,True
487,6582437,True
504,6582437,True
562,6582437,True
574,6582437,True
609,6582437,True
616,6582437,True
753,6582437,True
764,6582437,True
771,6582437,True
782,6582437,True
998,6582437,True
1064,6582437,True
142,6582438,True
354,6582438,True
432,6582438,True
504,6582438,True
753,6582438,True
788,6582438,True
794,6582438,True
882,6582438,True
998,6582438,True
216,6582439,True
347,6582439,False
354,6582439,True
432,6582439,True
487,6582439,True
504,6582439,True
794,6582439,True
998,6582439,True
100,6582440,True
142,6582440,True
347,6582440,True
354,6582440,True
483,6582440,True
504,6582440,True
562,6582440,True
574,6582440,True
782,6582440,True
794,6582440,True
142,6582441,True
282,6582441,False
338,6582441,True
347,6582441,True
354,6582441,True
504,6582441,True
562,6582441,True
647,6582441,True
753,6582441,True
782,6582441,True
786,6582441,True
788,6582441,True
998,6582441,True
338,6582442,True
347,6582442,True
354,6582442,True
387,6582442,True
432,6582442,True
487,6582442,True
504,6582442,True
506,6582442,True
562,6582442,True
643,6582442,True
786,6582442,True
998,6582442,True
100,6582443,True
354,6582443,True
432,6582443,True
504,6582443,True
506,6582443,True
562,6582443,True
739,6582443,True
862,6582443,True
998,6582443,True
1064,6582443,False
142,6582444,True
229,6582444,True
347,6582444,True
354,6582444,True
387,6582444,True
432,6582444,True
504,6582444,True
562,6582444,True
616,6582444,True
643,6582444,True
753,6582444,True
782,6582444,True
786,6582444,True
794,6582444,True
229,6582445,True
347,6582445,True
387,6582445,True
504,6582445,True
506,6582445,True
562,6582445,True
643,6582445,True
753,6582445,True
782,6582445,False
788,6582445,True
998,6582445,True
100,6582446,True
142,6582446,True
347,6582446,True
354,6582446,True
387,6582446,True
447,6582446,True
483,6582446,True
487,6582446,True
504,6582446,True
506,6582446,True
562,6582446,True
753,6582446,True
782,6582446,True
928,6582446,True
1064,6582446,True
1069,6582446,True
142,6744227,True
198,6744227,True
216,6744227,True
264,6744227,True
297,6744227,True
308,6744227,True
331,6744227,True
337,6744227,True
347,6744227,True
354,6744227,False
432,6744227,True
458,6744227,True
643,6744227,True
782,6744227,True
882,6744227,True
912,6744227,True
935,6744227,False
1002,6744227,True
267,6763467,False
504,6763467,False
100,6763468,True
123,6763468,True
308,6763468,True
347,6763468,True
432,6763468,True
504,6763468,True
782,6763468,True
882,6763468,False
100,6763469,True
123,6763469,True
308,6763469,True
504,6763469,True
647,6763469,True
782,6763469,True
882,6763469,True
100,6763470,False
123,6763470,True
198,6763470,True
308,6763470,True
347,6763470,True
432,6763470,True
504,6763470,True
786,6763470,True
857,6763470,True
879,6763470,True
100,6763471,True
123,6763471,True
308,6763471,True
331,6763471,True
432,6763471,True
472,6763471,True
504,6763471,True
561,6763471,True
786,6763471,True
100,6763472,True
123,6763472,True
267,6763472,False
308,6763472,True
432,6763472,True
504,6763472,True
561,6763472,True
782,6763472,True
100,6763474,True
123,6763474,True
142,6763474,True
347,6763474,True
432,6763474,True
458,6763474,True
504,6763474,True
782,6763474,True
786,6763474,True
935,6763474,False
100,6763515,True
308,6763515,True
504,6763515,True
782,6763515,True
786,6763515,True
100,6763516,True
308,6763516,True
347,6763516,True
504,6763516,True
562,6763516,True
782,6763516,True
882,6763516,True
100,6763517,True
504,6763517,True
562,6763517,False
782,6763517,True
857,6763517,True
1086,6763517,True
100,6763518,True
308,6763518,True
504,6763518,True
782,6763518,True
786,6763518,True
882,6763518,True
100,6763519,True
308,6763519,True
504,6763519,True
879,6763519,True
882,6763519,True
198,6519110,True
892,6519110,True
1052,6519110,True
198,6519112,True
1052,6519112,True
198,6519114,True
509,6519114,True
509,6519115,True
718,6519115,True
509,6519116,True
718,6519116,True
509,6519117,True
718,6519117,True
765,6519117,True
892,6519117,True
509,6519118,True
718,6519118,True
764,6519118,True
509,6519119,True
764,6519119,True
509,6519120,True
925,6519120,True
509,6519121,True
718,6519121,True
640,6578101,False
924,6578101,False
927,6578101,True
1050,6578101,True
1060,6578101,True
1062,6578101,False
1066,6578101,True
1067,6578101,True
1068,6578101,True
1069,6578101,True
1070,6578101,True
1071,6578101,True
1072,6578101,False
1073,6578101,True
1074,6578101,True
1075,6578101,True
1076,6578101,True
1077,6578101,True
1078,6578101,True
1080,6578101,True
640,6578102,False
883,6578102,False
924,6578102,True
927,6578102,True
1050,6578102,True
1060,6578102,True
1062,6578102,True
1066,6578102,False
1067,6578102,True
1068,6578102,True
1069,6578102,True
1070,6578102,True
1071,6578102,False
1072,6578102,False
1073,6578102,True
1075,6578102,True
1076,6578102,True
1077,6578102,False
1078,6578102,True
1080,6578102,True
640,6578103,False
883,6578103,False
924,6578103,False
927,6578103,False
1050,6578103,False
1060,6578103,False
1062,6578103,True
1066,6578103,True
1067,6578103,True
1068,6578103,True
1069,6578103,True
1070,6578103,True
1071,6578103,True
1072,6578103,False
1073,6578103,True
1075,6578103,True
1076,6578103,True
1077,6578103,True
1078,6578103,True
1080,6578103,False
640,6578104,False
883,6578104,False
924,6578104,False
927,6578104,True
1050,6578104,False
1060,6578104,True
1062,6578104,True
1066,6578104,True
1067,6578104,True
1068,6578104,False
1069,6578104,True
1070,6578104,True
1071,6578104,True
1072,6578104,False
1073,6578104,True
1075,6578104,True
1076,6578104,True
1077,6578104,False
1078,6578104,True
1080,6578104,True
640,6578105,False
883,6578105,False
924,6578105,False
927,6578105,False
1050,6578105,True
1060,6578105,True
1062,6578105,True
1066,6578105,True
1067,6578105,True
1068,6578105,False
1069,6578105,True
1070,6578105,False
1071,6578105,False
1072,6578105,False
1073,6578105,True
1075,6578105,False
1076,6578105,True
1077,6578105,False
1078,6578105,True
1080,6578105,False
640,6578106,False
883,6578106,False
924,6578106,False
927,6578106,False
1050,6578106,False
1060,6578106,True
1062,6578106,False
1066,6578106,True
1067,6578106,True
1068,6578106,True
1069,6578106,True
1070,6578106,False
1071,6578106,True
1072,6578106,False
1073,6578106,False
1075,6578106,False
1076,6578106,True
1077,6578106,False
1078,6578106,True
1080,6578106,True
640,6578131,True
883,6578131,False
924,6578131,True
927,6578131,True
1050,6578131,True
1060,6578131,True
1062,6578131,False
1066,6578131,True
1067,6578131,True
1068,6578131,False
1069,6578131,False
1070,6578131,True
1071,6578131,True
1072,6578131,False
1073,6578131,True
1075,6578131,True
1076,6578131,True
1077,6578131,True
1078,6578131,True
1080,6578131,False
640,6578132,True
883,6578132,False
924,6578132,False
927,6578132,True
1050,6578132,True
1060,6578132,False
1062,6578132,True
1066,6578132,True
1067,6578132,True
1068,6578132,True
1069,6578132,True
1070,6578132,False
1071,6578132,True
1072,6578132,False
1073,6578132,True
1075,6578132,False
1076,6578132,True
1077,6578132,True
1078,6578132,True
1080,6578132,False
640,6578133,False
883,6578133,False
924,6578133,True
927,6578133,True
1050,6578133,True
1060,6578133,True
1062,6578133,True
1066,6578133,True
1067,6578133,True
1068,6578133,False
1069,6578133,True
1070,6578133,True
1071,6578133,True
1072,6578133,False
1073,6578133,True
1075,6578133,False
1076,6578133,False
1077,6578133,True
1078,6578133,True
1080,6578133,False
640,6578134,False
883,6578134,False
924,6578134,False
927,6578134,True
1050,6578134,True
1060,6578134,True
1062,6578134,True
1066,6578134,False
1067,6578134,True
1068,6578134,False
1069,6578134,True
1070,6578134,True
1071,6578134,True
1072,6578134,False
1073,6578134,True
1075,6578134,False
1076,6578134,False
1077,6578134,True
1078,6578134,True
1080,6578134,False
640,6578135,False
883,6578135,False
924,6578135,False
927,6578135,True
1050,6578135,False
1060,6578135,False
1062,6578135,True
1066,6578135,False
1067,6578135,True
1068,6578135,False
1069,6578135,True
1070,6578135,False
1071,6578135,True
1072,6578135,False
1073,6578135,True
1075,6578135,True
1076,6578135,True
1077,6578135,False
1078,6578135,True
1080,6578135,True
640,6578136,False
883,6578136,False
924,6578136,False
927,6578136,True
1050,6578136,False
1060,6578136,True
1062,6578136,True
1066,6578136,False
1067,6578136,True
1068,6578136,False
1069,6578136,True
1070,6578136,False
1071,6578136,True
1072,6578136,False
1073,6578136,True
1075,6578136,True
1076,6578136,True
1077,6578136,True
1078,6578136,False
1080,6578136,False
198,6582825,True
206,6582825,True
216,6582825,True
274,6582825,True
338,6582825,True
347,6582825,True
404,6582825,True
458,6582825,True
463,6582825,True
498,6582825,True
561,6582825,True
718,6582825,True
782,6582825,True
789,6582825,True
796,6582825,True
897,6582825,True
903,6582825,True
911,6582825,True
936,6582825,True
198,6582826,True
216,6582826,True
331,6582826,True
337,6582826,True
338,6582826,True
447,6582826,True
458,6582826,True
463,6582826,True
483,6582826,True
498,6582826,True
561,6582826,True
718,6582826,True
732,6582826,False
782,6582826,True
789,6582826,True
796,6582826,True
878,6582826,True
879,6582826,True
881,6582826,False
903,6582826,True
911,6582826,True
936,6582826,True
1002,6582826,True
282,6582827,True
337,6582827,True
338,6582827,True
404,6582827,True
458,6582827,True
498,6582827,True
542,6582827,True
561,6582827,True
563,6582827,True
718,6582827,True
732,6582827,True
770,6582827,True
782,6582827,True
789,6582827,True
796,6582827,True
878,6582827,True
879,6582827,True
911,6582827,True
936,6582827,True
107,6582828,True
171,6582828,True
216,6582828,True
331,6582828,True
338,6582828,True
347,6582828,True
447,6582828,True
458,6582828,True
498,6582828,True
718,6582828,True
732,6582828,False
770,6582828,True
782,6582828,True
786,6582828,False
789,6582828,True
878,6582828,True
882,6582828,False
884,6582828,True
911,6582828,True
1002,6582828,True
142,6582829,True
331,6582829,True
337,6582829,True
338,6582829,False
458,6582829,True
463,6582829,True
483,6582829,True
498,6582829,True
718,6582829,True
732,6582829,False
770,6582829,True
789,6582829,True
796,6582829,True
879,6582829,True
897,6582829,True
903,6582829,True
911,6582829,True
282,6582830,True
337,6582830,True
338,6582830,False
347,6582830,True
458,6582830,True
483,6582830,True
658,6582830,True
718,6582830,True
878,6582830,True
935,6582830,True
1088,6582830,False
107,6582831,True
274,6582831,True
338,6582831,True
404,6582831,True
447,6582831,True
458,6582831,True
463,6582831,True
498,6582831,True
562,6582831,True
647,6582831,True
718,6582831,True
732,6582831,True
782,6582831,True
878,6582831,True
881,6582831,True
897,6582831,True
903,6582831,True
911,6582831,True
936,6582831,True
171,6582832,True
216,6582832,True
337,6582832,True
338,6582832,True
458,6582832,True
498,6582832,True
658,6582832,True
782,6582832,True
897,6582832,True
911,6582832,True
936,6582832,True
1002,6582832,True
107,6582833,True
216,6582833,True
338,6582833,True
347,6582833,True
447,6582833,True
458,6582833,True
463,6582833,True
498,6582833,True
561,6582833,True
718,6582833,True
732,6582833,True
770,6582833,True
878,6582833,True
897,6582833,True
903,6582833,True
911,6582833,True
912,6582833,False
936,6582833,True
171,6582834,True
216,6582834,True
229,6582834,True
338,6582834,True
347,6582834,True
483,6582834,True
498,6582834,True
561,6582834,True
641,6582834,True
792,6582834,True
878,6582834,True
884,6582834,True
897,6582834,True
912,6582834,False
935,6582834,True
936,6582834,True
171,6582835,True
229,6582835,True
337,6582835,True
338,6582835,True
458,6582835,True
498,6582835,True
561,6582835,True
732,6582835,False
770,6582835,True
782,6582835,True
792,6582835,True
869,6582835,True
878,6582835,True
884,6582835,True
897,6582835,True
911,6582835,True
936,6582835,True
171,6582836,True
206,6582836,True
216,6582836,True
338,6582836,True
347,6582836,True
447,6582836,True
458,6582836,True
463,6582836,True
498,6582836,True
561,6582836,True
647,6582836,True
718,6582836,True
732,6582836,False
770,6582836,True
782,6582836,True
897,6582836,True
911,6582836,True
935,6582836,True
1062,6582836,True
1069,6582836,True
1071,6582836,True
1073,6582836,True
1078,6582836,True
198,6582837,True
206,6582837,True
216,6582837,True
229,6582837,True
282,6582837,True
338,6582837,True
347,6582837,True
404,6582837,True
458,6582837,True
498,6582837,True
561,6582837,True
647,6582837,True
782,6582837,True
884,6582837,True
911,6582837,True
936,6582837,True
1062,6582837,True
1069,6582837,True
1070,6582837,True
1071,6582837,True
1073,6582837,False
1078,6582837,True
198,6582893,True
264,6582893,True
279,6582893,True
647,6582893,True
657,6582893,True
718,6582893,True
860,6582893,True
892,6582893,True
925,6582893,True
1052,6582893,True
279,6582894,True
337,6582894,True
585,6582894,True
647,6582894,True
657,6582894,True
718,6582894,True
765,6582894,True
860,6582894,True
884,6582894,True
894,6582894,True
1052,6582894,True
264,6582895,True
279,6582895,True
337,6582895,True
509,6582895,True
573,6582895,True
585,6582895,True
657,6582895,True
718,6582895,True
884,6582895,True
892,6582895,True
925,6582895,True
933,6582895,True
1052,6582895,True
264,6582896,True
279,6582896,True
337,6582896,True
509,6582896,True
657,6582896,True
661,6582896,True
718,6582896,True
765,6582896,True
860,6582896,True
892,6582896,True
925,6582896,True
933,6582896,True
1052,6582896,True
198,6582897,True
279,6582897,True
509,6582897,True
573,6582897,True
657,6582897,True
661,6582897,True
718,6582897,True
765,6582897,True
892,6582897,True
264,6582898,True
279,6582898,True
337,6582898,True
657,6582898,True
661,6582898,True
718,6582898,False
884,6582898,True
337,6582899,True
509,6582899,True
647,6582899,True
718,6582899,True
765,6582899,True
860,6582899,True
892,6582899,True
925,6582899,True
933,6582899,True
337,6582900,True
509,6582900,True
647,6582900,True
718,6582900,True
764,6582900,True
765,6582900,True
860,6582900,True
892,6582900,True
933,6582900,True
1052,6582900,True
337,6582901,True
509,6582901,True
718,6582901,True
860,6582901,True
337,6582902,True
661,6582902,True
718,6582902,True
764,6582902,True
860,6582902,True
933,6582902,True
1052,6582902,True
279,6582903,True
337,6582903,True
657,6582903,True
718,6582903,True
765,6582903,True
860,6582903,True
925,6582903,True
933,6582903,True
1052,6582903,True
337,6582904,True
647,6582904,True
933,6582904,True
279,6582905,True
337,6582905,True
647,6582905,True
657,6582905,True
718,6582905,True
1050,6582905,True
1052,6582905,True
107,6582945,True
198,6582945,True
337,6582945,True
458,6582945,True
782,6582945,True
792,6582945,True
903,6582945,True
928,6582945,False
198,6582946,True
205,6582946,True
331,6582946,True
337,6582946,True
338,6582946,True
458,6582946,True
498,6582946,True
718,6582946,True
782,6582946,True
903,6582946,True
925,6582946,True
1002,6582946,True
142,6582947,True
205,6582947,True
331,6582947,True
337,6582947,True
458,6582947,True
498,6582947,True
782,6582947,True
786,6582947,True
878,6582947,True
879,6582947,False
998,6582947,True
205,6582948,True
338,6582948,True
404,6582948,True
458,6582948,True
879,6582948,True
903,6582948,True
142,6582949,True
205,6582949,True
206,6582949,True
331,6582949,True
338,6582949,True
458,6582949,True
483,6582949,True
718,6582949,True
792,6582949,True
878,6582949,True
879,6582949,True
142,6582950,True
274,6582950,True
458,6582950,True
782,6582950,True
792,6582950,True
903,6582950,True
925,6582950,True
1002,6582950,True
274,6582951,True
331,6582951,True
337,6582951,True
338,6582951,True
432,6582951,True
498,6582951,True
509,6582951,True
782,6582951,True
878,6582951,True
884,6582951,True
903,6582951,True
274,6582952,True
338,6582952,True
458,6582952,True
792,6582952,True
928,6582952,True
1002,6582952,True
198,6582953,True
206,6582953,True
274,6582953,True
337,6582953,True
347,6582953,True
458,6582953,True
498,6582953,True
509,6582953,True
561,6582953,True
718,6582953,True
786,6582953,True
878,6582953,True
879,6582953,True
912,6582953,False
928,6582953,True
998,6582953,True
274,6582954,True
338,6582954,True
782,6582954,True
928,6582954,False
1002,6582954,True
205,6582955,True
274,6582955,True
338,6582955,True
347,6582955,True
458,6582955,True
498,6582955,True
542,6582955,True
561,6582955,True
782,6582955,True
792,6582955,True
903,6582955,True
925,6582955,True
274,6582956,True
331,6582956,True
337,6582956,True
338,6582956,True
458,6582956,True
498,6582956,False
542,6582956,True
561,6582956,True
641,6582956,True
718,6582956,True
732,6582956,True
782,6582956,True
786,6582956,True
792,6582956,True
869,6582956,True
884,6582956,True
903,6582956,True
925,6582956,True
1050,6582956,True
1062,6582956,True
1069,6582956,True
1071,6582956,False
205,6582957,True
229,6582957,True
274,6582957,True
331,6582957,True
458,6582957,True
498,6582957,True
561,6582957,True
718,6582957,True
782,6582957,True
785,6582957,True
928,6582957,True
933,6582957,False
1062,6582957,True
1067,6582957,True
1069,6582957,False
1070,6582957,False
1071,6582957,False
1076,6582957,True
171,6583018,True
206,6583018,True
216,6583018,True
338,6583018,True
432,6583018,True
457,6583018,True
483,6583018,True
487,6583018,True
498,6583018,True
542,6583018,True
782,6583018,True
878,6583018,False
881,6583018,False
884,6583018,True
936,6583018,True
171,6583019,True
229,6583019,True
282,6583019,True
420,6583019,True
457,6583019,True
542,6583019,True
562,6583019,True
641,6583019,True
782,6583019,True
911,6583019,True
936,6583019,True
1002,6583019,True
216,6583020,True
282,6583020,True
404,6583020,True
420,6583020,True
447,6583020,True
483,6583020,True
487,6583020,True
647,6583020,True
782,6583020,True
786,6583020,True
892,6583020,True
911,6583020,True
432,6583021,True
483,6583021,True
487,6583021,True
641,6583021,True
879,6583021,True
881,6583021,True
884,6583021,True
892,6583021,True
897,6583021,True
911,6583021,True
936,6583021,True
1002,6583021,False
1052,6583021,True
216,6583022,True
282,6583022,True
483,6583022,True
487,6583022,True
658,6583022,True
661,6583022,True
881,6583022,True
882,6583022,True
892,6583022,True
897,6583022,True
1077,6583022,False
206,6583023,True
216,6583023,True
282,6583023,True
331,6583023,True
420,6583023,True
447,6583023,True
483,6583023,True
498,6583023,True
542,6583023,True
782,6583023,True
881,6583023,False
882,6583023,True
897,6583023,True
911,6583023,True
927,6583023,False
936,6583023,True
1002,6583023,True
216,6583024,True
338,6583024,True
457,6583024,True
542,6583024,True
647,6583024,True
782,6583024,True
792,6583024,True
882,6583024,True
897,6583024,True
911,6583024,True
216,6583025,True
331,6583025,True
337,6583025,True
338,6583025,True
420,6583025,True
487,6583025,True
498,6583025,True
542,6583025,True
641,6583025,True
789,6583025,True
892,6583025,True
897,6583025,False
911,6583025,True
935,6583025,True
936,6583025,True
1002,6583025,True
1052,6583025,True
171,6583026,True
216,6583026,True
331,6583026,True
338,6583026,True
432,6583026,True
483,6583026,True
487,6583026,True
542,6583026,True
647,6583026,True
789,6583026,True
881,6583026,True
884,6583026,True
897,6583026,False
911,6583026,True
912,6583026,False
935,6583026,True
936,6583026,True
1002,6583026,False
216,6583027,True
229,6583027,True
337,6583027,True
338,6583027,True
420,6583027,True
432,6583027,True
661,6583027,False
782,6583027,True
881,6583027,True
897,6583027,True
903,6583027,True
936,6583027,True
1002,6583027,True
142,6583028,True
216,6583028,True
347,6583028,True
420,6583028,True
432,6583028,True
487,6583028,False
641,6583028,True
647,6583028,True
869,6583028,True
911,6583028,True
1002,6583028,True
1052,6583028,True
331,6583029,True
337,6583029,True
338,6583029,True
420,6583029,True
432,6583029,True
457,6583029,True
483,6583029,False
561,6583029,True
782,6583029,True
911,6583029,True
935,6583029,True
936,6583029,True
1052,6583029,True
1060,6583029,True
1062,6583029,True
1069,6583029,True
1071,6583029,True
1077,6583029,True
1078,6583029,True
1069,6583030,False
1070,6583030,False
432,6583072,True
610,6583072,True
616,6583072,True
782,6583072,True
786,6583072,True
936,6583072,True
432,6583073,True
562,6583073,True
616,6583073,True
647,6583073,True
661,6583073,True
782,6583073,True
882,6583073,True
936,6583073,True
107,6583074,True
229,6583074,True
264,6583074,True
347,6583074,True
432,6583074,True
562,6583074,True
616,6583074,True
661,6583074,True
782,6583074,True
936,6583074,True
267,6583075,True
432,6583075,True
782,6583075,True
786,6583075,True
882,6583075,True
936,6583075,True
432,6583076,True
574,6583076,True
616,6583076,True
879,6583076,True
882,6583076,True
903,6583076,True
925,6583076,True
936,6583076,True
267,6583077,False
432,6583077,False
658,6583077,False
661,6583077,False
100,6583078,True
267,6583078,False
347,6583078,True
432,6583078,True
616,6583078,True
782,6583078,True
785,6583078,True
935,6583078,True
936,6583078,True
267,6583079,True
432,6583079,True
616,6583079,True
647,6583079,True
782,6583079,True
882,6583079,True
903,6583079,True
936,6583079,True
267,6583080,True
347,6583080,True
432,6583080,True
786,6583080,True
935,6583080,True
936,6583080,True
432,6583081,True
786,6583081,True
903,6583081,True
935,6583081,False
936,6583081,True
267,6583082,True
432,6583082,True
782,6583082,True
936,6583082,True
142,6583084,True
432,6583084,True
616,6583084,True
647,6583084,True
782,6583084,True
786,6583084,True
788,6583084,True
794,6583084,True
935,6583084,True
936,6583084,False
1050,6583084,True
1062,6583084,True
1071,6583084,False
640,6744769,False
883,6744769,False
924,6744769,False
927,6744769,True
1050,6744769,True
1060,6744769,True
1062,6744769,False
1066,6744769,False
1067,6744769,False
1068,6744769,False
1069,6744769,True
1070,6744769,False
1071,6744769,False
1072,6744769,False
1073,6744769,True
1075,6744769,True
1076,6744769,True
1077,6744769,True
1078,6744769,True
1080,6744769,False
640,6744770,False
883,6744770,False
924,6744770,False
927,6744770,True
1050,6744770,True
1060,6744770,True
1062,6744770,False
1066,6744770,True
1067,6744770,True
1068,6744770,True
1069,6744770,False
1070,6744770,False
1071,6744770,False
1072,6744770,False
1073,6744770,True
1075,6744770,False
1076,6744770,True
1077,6744770,True
1078,6744770,True
1080,6744770,True
640,6744773,False
883,6744773,False
924,6744773,False
927,6744773,False
1050,6744773,True
1060,6744773,False
1062,6744773,False
1066,6744773,False
1067,6744773,True
1068,6744773,False
1069,6744773,True
1070,6744773,False
1071,6744773,True
1072,6744773,False
1073,6744773,True
1075,6744773,False
1076,6744773,False
1077,6744773,True
1078,6744773,True
1080,6744773,False
640,6744774,False
883,6744774,False
924,6744774,False
927,6744774,False
1050,6744774,True
1060,6744774,True
1062,6744774,True
1066,6744774,False
1067,6744774,True
1068,6744774,False
1069,6744774,True
1070,6744774,True
1071,6744774,True
1072,6744774,False
1073,6744774,True
1075,6744774,True
1076,6744774,True
1077,6744774,True
1078,6744774,True
1080,6744774,False
338,6582487,True
458,6582487,True
561,6582487,True
639,6582487,True
658,6582487,True
753,6582487,True
782,6582487,True
274,6582488,True
338,6582488,True
458,6582488,True
506,6582488,True
739,6582488,True
753,6582488,True
782,6582488,True
142,6582489,True
274,6582489,True
321,6582489,True
331,6582489,True
639,6582489,True
739,6582489,False
782,6582489,True
998,6582489,True
274,6582490,True
338,6582490,True
458,6582490,True
506,6582490,True
739,6582490,True
753,6582490,True
142,6582491,True
274,6582491,True
321,6582491,True
639,6582491,True
1060,6582491,True
142,6582492,True
274,6582492,True
321,6582492,True
639,6582492,True
753,6582492,True
777,6582492,True
782,6582492,True
1002,6582492,True
274,6582493,True
331,6582493,False
509,6582493,True
561,6582493,False
753,6582493,True
782,6582493,True
274,6582494,True
321,6582494,True
506,6582494,True
639,6582494,True
739,6582494,True
753,6582494,True
1002,6582494,True
274,6582495,False
561,6582495,True
753,6582495,True
998,6582495,True
1089,6582495,True
274,6582496,True
777,6582496,True
782,6582496,True
123,6582497,True
274,6582497,True
321,6582497,False
561,6582497,True
777,6582497,True
782,6582497,True
123,6582498,True
274,6582498,True
331,6582498,True
506,6582498,True
561,6582498,True
641,6582498,True
753,6582498,True
782,6582498,True
786,6582498,True
1073,6582498,True
229,6582499,True
274,6582499,False
321,6582499,True
506,6582499,True
561,6582499,True
609,6582499,True
753,6582499,True
782,6582499,True
1073,6582499,True
198,6582239,True
216,6582239,True
338,6582239,True
463,6582239,True
561,6582239,True
782,6582239,True
142,6582240,True
198,6582240,True
216,6582240,True
338,6582240,True
463,6582240,True
561,6582240,True
573,6582240,True
782,6582240,True
338,6582241,True
542,6582241,True
561,6582241,True
782,6582241,True
796,6582241,True
198,6582242,True
216,6582242,True
331,6582242,True
338,6582242,True
458,6582242,True
573,6582242,True
782,6582242,True
1002,6582242,True
1063,6582242,True
142,6582243,True
331,6582243,True
338,6582243,False
458,6582243,True
463,6582243,True
796,6582243,True
879,6582243,True
1063,6582243,True
338,6582245,True
458,6582245,True
463,6582245,True
782,6582245,True
1063,6582245,True
198,6582246,True
216,6582246,True
338,6582246,True
782,6582246,True
1063,6582246,True
216,6582247,True
338,6582247,True
463,6582247,True
216,6582248,True
338,6582248,True
1063,6582248,True
338,6582249,True
561,6582249,True
782,6582249,True
1063,6582249,True
216,6582250,True
338,6582250,True
463,6582250,True
782,6582250,True
1063,6582250,True
198,6582251,True
338,6582251,True
561,6582251,True
782,6582251,True
895,6540155,False
897,6540155,False
1058,6540155,False
1060,6540155,False
1061,6540155,False
1064,6540155,False
1065,6540155,False
895,6540156,False
897,6540156,False
1058,6540156,False
1060,6540156,False
1061,6540156,False
1064,6540156,False
1065,6540156,False
895,6540157,False
897,6540157,False
1058,6540157,False
1060,6540157,False
1061,6540157,False
1064,6540157,False
1065,6540157,False
895,6540181,False
897,6540181,False
1058,6540181,False
1060,6540181,False
1061,6540181,False
1064,6540181,False
1065,6540181,False
895,6540182,False
897,6540182,False
1058,6540182,False
1060,6540182,False
1061,6540182,False
1064,6540182,False
1065,6540182,False
895,6540183,False
897,6540183,False
1058,6540183,False
1060,6540183,False
1061,6540183,False
1064,6540183,False
1065,6540183,False
561,6582647,True
643,6582647,True
761,6582647,True
782,6582647,True
862,6582647,True
865,6582647,True
902,6582647,True
297,6582648,True
331,6582648,True
338,6582648,True
483,6582648,True
561,6582648,True
782,6582648,True
801,6582648,True
862,6582648,True
902,6582648,True
1002,6582648,True
171,6582649,True
338,6582649,True
561,6582649,True
563,6582649,True
643,6582649,True
761,6582649,True
782,6582649,True
171,6582650,True
297,6582650,True
782,6582650,True
1002,6582650,True
1060,6582650,True
1064,6582650,True
1065,6582650,True
483,6582651,False
801,6582651,False
862,6582651,False
897,6582651,False
1060,6582651,False
1064,6582651,False
1065,6582651,False
483,6582652,True
862,6582652,True
1064,6582652,True
1065,6582652,True
782,6582653,True
801,6582653,True
865,6582653,True
897,6582653,True
902,6582653,True
1065,6582653,True
171,6582654,True
352,6582654,True
782,6582654,False
801,6582654,True
865,6582654,True
897,6582654,True
1064,6582654,True
1065,6582654,True
303,6582655,True
561,6582655,True
801,6582655,True
865,6582655,True
897,6582655,True
912,6582655,False
171,6582656,True
297,6582656,True
303,6582656,True
483,6582656,True
561,6582656,True
641,6582656,True
801,6582656,True
865,6582656,True
897,6582656,True
912,6582656,False
1065,6582656,True
171,6582657,True
297,6582657,True
303,6582657,True
352,6582657,True
561,6582657,True
782,6582657,True
862,6582657,True
897,6582657,True
1064,6582657,True
1065,6582657,True
171,6582658,True
297,6582658,True
303,6582658,False
325,6582658,True
561,6582658,True
609,6582658,True
782,6582658,True
801,6582658,True
303,6582659,False
561,6582659,False
609,6582659,False
782,6582659,False
865,6582659,False
150,6582711,True
308,6582711,True
483,6582711,True
487,6582711,True
542,6582711,True
753,6582711,True
781,6582711,True
782,6582711,True
865,6582711,False
150,6582712,True
297,6582712,True
308,6582712,True
542,6582712,True
641,6582712,True
753,6582712,True
781,6582712,False
782,6582712,True
862,6582712,True
865,6582712,True
998,6582712,True
1002,6582712,True
150,6582713,True
297,6582713,True
308,6582713,True
338,6582713,True
483,6582713,True
487,6582713,True
542,6582713,True
753,6582713,True
761,6582713,True
777,6582713,True
782,6582713,True
801,6582713,True
862,6582713,True
150,6582714,True
297,6582714,True
308,6582714,False
483,6582714,True
487,6582714,True
641,6582714,True
777,6582714,True
781,6582714,True
801,6582714,True
862,6582714,True
865,6582714,True
897,6582714,True
1002,6582714,True
150,6582715,False
308,6582715,True
483,6582715,True
487,6582715,True
641,6582715,True
753,6582715,True
777,6582715,True
862,6582715,True
897,6582715,True
1064,6582715,True
150,6582716,False
297,6582716,True
308,6582716,True
483,6582716,True
542,6582716,True
777,6582716,True
782,6582716,True
862,6582716,True
897,6582716,True
1002,6582716,True
150,6582717,True
308,6582717,True
542,6582717,True
753,6582717,True
782,6582717,True
897,6582717,True
150,6582718,True
297,6582718,True
308,6582718,True
487,6582718,True
542,6582718,True
641,6582718,True
753,6582718,True
781,6582718,True
862,6582718,True
865,6582718,True
897,6582718,False
1002,6582718,True
150,6582719,False
308,6582719,True
483,6582719,True
487,6582719,True
641,6582719,True
753,6582719,True
897,6582719,False
912,6582719,False
1064,6582719,True
150,6582720,True
308,6582720,True
753,6582720,True
777,6582720,True
781,6582720,True
782,6582720,True
865,6582720,True
897,6582720,True
150,6582721,True
308,6582721,True
487,6582721,True
641,6582721,True
643,6582721,True
1002,6582721,False
1064,6582721,True
150,6582722,True
308,6582722,True
483,6582722,True
561,6582722,True
782,6582722,True
862,6582722,True
1060,6582722,True
150,6582723,False
308,6582723,False
865,6582723,False
215,6582765,True
269,6582765,True
781,6582765,False
782,6582765,True
142,6582766,True
215,6582766,True
297,6582766,True
561,6582766,True
761,6582766,True
781,6582766,True
782,6582766,False
142,6582767,True
215,6582767,True
269,6582767,True
781,6582767,True
782,6582767,True
215,6582768,True
269,6582768,True
781,6582768,False
782,6582768,False
215,6582769,True
781,6582769,True
1064,6582769,True
100,6582770,True
308,6582770,True
142,6582771,True
215,6582771,True
781,6582771,True
782,6582771,True
1064,6582771,True
215,6582772,True
269,6582772,True
782,6582772,True
142,6582773,True
215,6582773,True
269,6582773,True
331,6582773,True
338,6582773,True
781,6582773,True
1064,6582773,True
215,6582774,True
331,6582774,True
215,6582775,True
297,6582775,True
325,6582775,True
777,6582775,True
781,6582775,False
782,6582775,True
1064,6582775,True
142,6582776,True
269,6582776,True
297,6582776,True
781,6582776,False
782,6582776,True
215,6582777,True
269,6582777,True
781,6582777,False
338,6582541,True
457,6582541,True
458,6582541,True
561,6582541,True
658,6582541,True
782,6582541,True
902,6582541,True
338,6582542,True
457,6582542,True
458,6582542,True
561,6582542,True
782,6582542,True
902,6582542,True
331,6582543,True
457,6582543,True
458,6582543,True
509,6582543,True
782,6582543,True
458,6582544,True
509,6582544,True
458,6582545,True
902,6582545,True
457,6582546,True
458,6582546,True
509,6582546,True
658,6582546,True
777,6582546,True
782,6582546,True
902,6582546,True
274,6582547,True
331,6582547,True
338,6582547,True
457,6582547,True
458,6582547,True
509,6582547,True
561,6582547,True
641,6582547,True
658,6582547,True
782,6582547,True
902,6582547,True
354,6582548,True
458,6582548,True
902,6582548,True
331,6582549,True
338,6582549,True
458,6582549,True
509,6582549,True
561,6582549,True
902,6582549,True
338,6582551,True
457,6582551,True
458,6582551,True
561,6582551,True
641,6582551,True
777,6582551,True
782,6582551,True
331,6582552,True
458,6582552,True
782,6582552,True
902,6582552,True
1073,6582552,True
1075,6582552,True
331,6582553,True
457,6582553,True
458,6582553,True
509,6582553,True
782,6582553,False
1077,6582553,True
1078,6582553,True
150,6582311,True
216,6582311,True
229,6582311,True
308,6582311,True
331,6582311,True
347,6582311,True
432,6582311,True
457,6582311,True
647,6582311,True
718,6582311,True
782,6582311,True
150,6582312,True
216,6582312,True
308,6582312,True
337,6582312,True
338,6582312,True
347,6582312,True
432,6582312,True
458,6582312,True
647,6582312,True
718,6582312,True
782,6582312,True
150,6582313,False
216,6582313,True
308,6582313,False
331,6582313,True
337,6582313,True
338,6582313,True
347,6582313,True
432,6582313,True
457,6582313,True
458,6582313,True
782,6582313,True
150,6582314,False
216,6582314,True
308,6582314,False
331,6582314,True
337,6582314,True
338,6582314,True
347,6582314,True
432,6582314,True
458,6582314,True
509,6582314,True
782,6582314,True
150,6582315,True
308,6582315,True
337,6582315,False
458,6582315,False
150,6582316,False
216,6582316,True
282,6582316,True
308,6582316,False
331,6582316,True
337,6582316,True
338,6582316,True
347,6582316,True
458,6582316,True
782,6582316,True
150,6582317,True
216,6582317,True
308,6582317,True
331,6582317,True
337,6582317,True
338,6582317,True
347,6582317,True
509,6582317,True
647,6582317,True
782,6582317,True
150,6582318,True
216,6582318,True
308,6582318,True
331,6582318,True
337,6582318,True
338,6582318,True
458,6582318,True
509,6582318,True
647,6582318,True
782,6582318,True
150,6582319,False
216,6582319,True
308,6582319,False
338,6582319,True
347,6582319,True
432,6582319,True
458,6582319,True
216,6582320,True
308,6582320,False
331,6582320,True
337,6582320,True
338,6582320,True
347,6582320,True
432,6582320,True
718,6582320,True
150,6582321,True
216,6582321,True
229,6582321,True
308,6582321,True
331,6582321,True
337,6582321,True
338,6582321,True
347,6582321,True
432,6582321,True
458,6582321,True
782,6582321,False
100,6582322,True
150,6582322,True
216,6582322,True
308,6582322,True
338,6582322,True
347,6582322,True
458,6582322,True
647,6582322,True
782,6582322,True
150,6582323,True
216,6582323,True
308,6582323,True
331,6582323,True
337,6582323,True
338,6582323,True
347,6582323,True
432,6582323,True
458,6582323,True
647,6582323,True
718,6582323,True
782,6582323,True
123,6581926,False
333,6581926,False
354,6581926,False
123,6581927,False
333,6581927,False
354,6581927,False
123,6581928,False
333,6581928,False
354,6581928,False
123,6581929,True
333,6581929,True
354,6581929,True
620,6581929,True
123,6581930,False
333,6581930,True
354,6581930,True
123,6581931,False
354,6581931,True
620,6581931,True
123,6581932,False
333,6581932,True
354,6581932,True
123,6581933,True
333,6581933,True
354,6581933,True
123,6581934,True
333,6581934,True
354,6581934,True
620,6581934,True
123,6581935,False
354,6581935,False
123,6581936,True
354,6581936,False
123,6581937,True
333,6581937,True
354,6581937,True
620,6581937,True
123,6581938,True
333,6581938,True
354,6581938,True
620,6581938,True
782,6581938,False
123,6582058,False
333,6582058,False
354,6582058,False
123,6582059,False
333,6582059,False
354,6582059,False
123,6582060,False
333,6582060,False
354,6582060,False
123,6582061,True
333,6582061,True
354,6582061,True
123,6582062,False
333,6582062,True
354,6582062,True
123,6582063,True
354,6582063,True
123,6582064,True
333,6582064,True
354,6582064,True
123,6582065,True
333,6582065,True
354,6582065,True
123,6582066,True
354,6582066,True
620,6582066,True
123,6582067,True
354,6582067,False
620,6582067,True
123,6582068,True
354,6582068,True
123,6582069,True
333,6582069,True
354,6582069,True
123,6582070,False
333,6582070,False
354,6582070,False
123,6582362,False
354,6582362,False
123,6582363,False
333,6582363,False
354,6582363,False
123,6582364,False
354,6582364,False
123,6582365,True
354,6582365,True
123,6582366,False
354,6582366,True
123,6582367,False
354,6582367,True
620,6582367,True
123,6582368,False
333,6582368,True
354,6582368,True
123,6582369,False
333,6582369,True
354,6582369,True
123,6582370,True
333,6582370,True
354,6582370,True
123,6582371,False
333,6582371,True
354,6582371,True
620,6582371,True
123,6582372,True
333,6582372,True
354,6582372,False
123,6582373,True
354,6582373,False
123,6582374,True
354,6582374,True
620,6582374,True
142,6582592,True
269,6582592,True
432,6582592,True
561,6582592,True
574,6582592,False
658,6582592,True
782,6582592,True
142,6582593,True
338,6582593,True
432,6582593,True
458,6582593,True
561,6582593,True
782,6582593,False
142,6582594,True
269,6582594,True
432,6582594,True
458,6582594,True
561,6582594,True
574,6582594,True
609,6582594,True
781,6582594,True
782,6582594,True
142,6582595,True
269,6582595,True
432,6582595,True
458,6582595,True
661,6582595,True
782,6582595,True
788,6582595,True
1002,6582595,False
142,6582596,True
432,6582596,True
458,6582596,True
661,6582596,True
432,6582597,True
788,6582597,True
432,6582598,True
458,6582598,True
658,6582598,True
661,6582598,False
781,6582598,True
782,6582598,True
788,6582598,True
142,6582599,True
269,6582599,True
432,6582599,True
458,6582599,True
782,6582599,True
785,6582599,True
788,6582599,True
142,6582600,True
269,6582600,True
331,6582600,True
432,6582600,True
458,6582600,True
1002,6582600,True
331,6582601,True
432,6582601,True
458,6582601,True
788,6582601,True
142,6582602,True
432,6582602,True
661,6582602,True
777,6582602,True
782,6582602,True
788,6582602,False
1002,6582602,True
142,6582603,True
269,6582603,True
274,6582603,True
432,6582603,True
782,6582603,True
788,6582603,True
142,6582604,True
432,6582604,True
458,6582604,True
788,6582604,True
1002,6582604,True
